sep=,
"域名","访问次数"
182.140.146.150,5
_,5
ahwp.bg-online.com.cn,224
bg-online.cn,14
bg-online.com.cn,75
bigzkx.bg-online.com.cn,4
bjby.bg-online.com.cn,5
bjbysy.bg-online.com.cn,2323
bjdddl.bg-online.com.cn,7
bjhat.bg-online.com.cn,11430
bjjmt.bg-online.com.cn,4699
bjlxm.bg-online.com.cn,1176
bjmxjj.bg-online.com.cn,3398
bjpdg.bg-online.com.cn,3
bjpy.bg-online.com.cn,3462
bjqcz.bg-online.com.cn,2753
bjqw.bg-online.com.cn,9871
bjrdct.bg-online.com.cn,12210
bjrw.bg-online.com.cn,1
bjssty-jst.bg-online.com.cn,776
bjtj-jst.bg-online.com.cn,1
bjtsy.bg-online.com.cn,199
bjwttx.bg-online.com.cn,11
bjwxh.bg-online.com.cn,3
bycm.bg-online.com.cn,16911
cdbk.bg-online.com.cn,10567
cfzhy.bg-online.com.cn,5205
cqlj.bg-online.com.cn,1041
cqwzsy.bg-online.com.cn,2396
cqxjd.bg-online.com.cn,444
csqp.bg-online.com.cn,4
czxc.bg-online.com.cn,12436
czyb.bg-online.com.cn,6617
dcc-platform.bg-online.com.cn,30
dhdx-cw.bg-online.com.cn,109
dhdx-jst.bg-online.com.cn,7
dqst.bg-online.com.cn,870
dqstdq.bg-online.com.cn,1146
dqstwx.bg-online.com.cn,2577
dyjb.bg-online.com.cn,2549
ectai-platform.bg-online.com.cn,4383
ectai-service.bg-online.com.cn,50007
edi-gzkx.bg-online.com.cn,1
edi-hdsf.bg-online.com.cn,2
edi-lbjt.bg-online.com.cn,1
edi-szzt.bg-online.com.cn,2
fhsp.bg-online.com.cn,619
file-online-view.bg-online.com.cn,202
fillprod.bg-online.cn,14
gjdl.bg-online.com.cn,416
gmsd.bg-online.com.cn,1
gssj.bg-online.com.cn,8966
gzhd.bg-online.com.cn,91
gzkx-cw.bg-online.com.cn,29
gzkx-qm.bg-online.com.cn,322
gzkxplg.bg-online.com.cn,3
gzkxtest.bg-online.com.cn,969
gzyc.bg-online.com.cn,2684
gzyjl.bg-online.com.cn,266
gzyw.bg-online.com.cn,935
hblxs.bg-online.com.cn,10922
hbrw.bg-online.com.cn,11929
hdlg-wms.bg-online.com.cn,13733
hdsf.bg-online.com.cn,18458
hgd.bg-online.com.cn,1009
hgdls.bg-online.com.cn,358
hlcbs.bg-online.com.cn,23346
hnbc.bg-online.com.cn,2
hngxjy.bg-online.com.cn,8741
hnjtsd.bg-online.com.cn,2325
hnjw.bg-online.com.cn,3499
hnky.bg-online.com.cn,3
hnsr.bg-online.com.cn,4788
hnxh.bg-online.com.cn,2314
hssh.bg-online.com.cn,12
hzdg.bg-online.com.cn,3383
hzdsy.bg-online.com.cn,6025
hzjjsd.bg-online.com.cn,3055
hztj.bg-online.com.cn,734
hzwj.bg-online.com.cn,7723
hzxk.bg-online.com.cn,11089
hzxsj.bg-online.com.cn,9187
jlcq.bg-online.com.cn,13
jrcbs.bg-online.com.cn,3
kxcbs.bg-online.com.cn,1
lbcmsrs-jst.bg-online.com.cn,1
lbcmwys-pub-jst.bg-online.com.cn,1
lbjt.bg-online.com.cn,6222
lgsd.bg-online.com.cn,23180
ljhhby.bg-online.com.cn,2
lnhx.bg-online.com.cn,12179
njgt.bg-online.com.cn,390
njly.bg-online.com.cn,6283
njtly.bg-online.com.cn,692
nthw.bg-online.com.cn,33741
osmsserver-bf01.bg-online.cn,1
osmsserver-bf02.bg-online.cn,1
osmsserver-bf03.bg-online.cn,1
osmsserver-bj01.bg-online.cn,1
osmsserver-bj02.bg-online.cn,1
osmsserver-bj03.bg-online.cn,1
osmsserver-bj04.bg-online.cn,1
osmsserver-bj05.bg-online.cn,1
osmsserver-bj06.bg-online.cn,1
osmsserver-jgs.bg-online.cn,28
osmsserver-sd02.bg-online.cn,1
osmsserver-sd03.bg-online.cn,1
osmsserver-sh02.bg-online.cn,1
osmsserver-sh03.bg-online.cn,1
osmsserver-sh04.bg-online.cn,1
osmsserver-sh05.bg-online.cn,1
osmsserver-sh06.bg-online.cn,1
osmsserver-sh07.bg-online.cn,1
osmsserver-ws11.bg-online.cn,1
osmsserver-xn02.bg-online.cn,1
osmsserver-xn03.bg-online.cn,1
osmsserver-xn08.bg-online.cn,1
osmsserver-zcw01.bg-online.cn,1
osmsserver-zcw02.bg-online.cn,1
pdd.ecsponline.com,2032
pub-bjrdct.bg-online.com.cn,2
pub-dhdx-jst.bg-online.com.cn,7
puberp-pub.bg-online.com.cn,2
puberp-ws.bg-online.com.cn,1
pubgzkx.bg-online.com.cn,5113
pubgzkxtest.bg-online.com.cn,31
pubyljd.bg-online.com.cn,430
qzjy.bg-online.com.cn,4
qzsd.bg-online.com.cn,1637
rmdf.bg-online.com.cn,593
rmdx.bg-online.com.cn,10951
rwcbs.bg-online.com.cn,4118
scssqy.bg-online.com.cn,4
scxb.bg-online.com.cn,1755
sdhw.bg-online.com.cn,1883
sdxz.bg-online.com.cn,4
shcm.bg-online.com.cn,292
shdzf.bg-online.com.cn,7031
shfdjs.bg-online.com.cn,4660
shfdtest.bg-online.com.cn,28701
shgx.bg-online.com.cn,823
shhj.bg-online.com.cn,4029
shhx.bg-online.com.cn,1015
shjh.bg-online.com.cn,6528
shjyyx.bg-online.com.cn,2312
shly.bg-online.com.cn,144
showcase-ws.bg-online.com.cn,3
shss.bg-online.com.cn,941
shyw.bg-online.com.cn,7373
shzy.bg-online.com.cn,6657
sjth.bg-online.com.cn,6034
skwx.bg-online.com.cn,4573
slf.bg-online.com.cn,8015
slsd.bg-online.com.cn,14
sxrw.bg-online.com.cn,14333
sxyjjy.bg-online.com.cn,1796
sxyz.bg-online.com.cn,1293
syjw.bg-online.com.cn,1905
syxh.bg-online.com.cn,3
syyh.bg-online.com.cn,6594
szzttest.bg-online.com.cn,261
test-dhdx-cw.bg-online.com.cn,8
test-erp-dhdx.bg-online.com.cn,643
test-pub-dhdx.bg-online.com.cn,662
tjdlxh.bg-online.com.cn,151
waiwen.bg-online.com.cn,2
wfwh.bg-online.com.cn,32668
whqws.bg-online.com.cn,1275
whztzy.bg-online.com.cn,9340
whzw.bg-online.com.cn,25017
wjcxfx.bg-online.com.cn,127
wjshfx.bg-online.com.cn,14
wjtsfx.bg-online.com.cn,189
wsbi.ectongs.com,4853
www.bg-online.cn,4
www.bg-online.com.cn,8
wzwl.bg-online.com.cn,299
xacdsd.bg-online.com.cn,13451
xayj.bg-online.com.cn,1322
xcgl.bg-online.com.cn,1
xhsl.bg-online.com.cn,2
xhw.bg-online.com.cn,4
xmdx.bg-online.com.cn,91
xqwh.bg-online.com.cn,4
ydsd.bg-online.com.cn,6584
yljd.bg-online.com.cn,20342
ynfxb.bg-online.com.cn,2
ynmgzx.bg-online.com.cn,3
ynshy.bg-online.com.cn,747
ytyz.bg-online.com.cn,1694
yxxpxx.bg-online.com.cn,2973
zft.bg-online.com.cn,6951
zglds.bg-online.com.cn,5759
zjdl.bg-online.com.cn,594
zjdx.bg-online.com.cn,8778
zkwh.bg-online.com.cn,391
zlh.bg-online.com.cn,2185
zzsh.bg-online.com.cn,391
zzxm.bg-online.com.cn,8066